Date,Start (ET),Visitor/Neutral,PTS,Home/Neutral,PTS,,,Attend.,Notes,S,Margin
Tue Oct 22 2019,8:00p,New Orleans Pelicans,122,Toronto Raptors,130,Box Score,OT,20787,,0,8
Tue Oct 22 2019,10:30p,Los Angeles Lakers,102,Los Angeles Clippers,112,Box Score,,19068,,0,10
Wed Oct 23 2019,7:00p,Chicago Bulls,125,Charlotte Hornets,126,Box Score,,15424,,0,1
Wed Oct 23 2019,7:00p,Detroit Pistons,119,Indiana Pacers,110,Box Score,,17923,,1,9
Wed Oct 23 2019,7:00p,Cleveland Cavaliers,85,Orlando Magic,94,Box Score,,18846,,0,9
Wed Oct 23 2019,7:30p,Minnesota Timberwolves,127,Brooklyn Nets,126,Box Score,OT,17732,,1,1
Wed Oct 23 2019,7:30p,Memphis Grizzlies,101,Miami Heat,120,Box Score,,19600,,0,19
Wed Oct 23 2019,7:30p,Boston Celtics,93,Philadelphia 76ers,107,Box Score,,20422,,0,14
Wed Oct 23 2019,8:30p,Washington Wizards,100,Dallas Mavericks,108,Box Score,,19816,,0,8
Wed Oct 23 2019,8:30p,New York Knicks,111,San Antonio Spurs,120,Box Score,,18354,,0,9
Wed Oct 23 2019,9:00p,Oklahoma City Thunder,95,Utah Jazz,100,Box Score,,18306,,0,5
Wed Oct 23 2019,10:00p,Sacramento Kings,95,Phoenix Suns,124,Box Score,,18055,,0,29
Wed Oct 23 2019,10:00p,Denver Nuggets,108,Portland Trail Blazers,100,Box Score,,19991,,1,8
Thu Oct 24 2019,7:00p,Atlanta Hawks,117,Detroit Pistons,100,Box Score,,20338,,1,17
Thu Oct 24 2019,8:00p,Milwaukee Bucks,117,Houston Rockets,111,Box Score,,18055,,1,6
Thu Oct 24 2019,10:30p,Los Angeles Clippers,141,Golden State Warriors,122,Box Score,,18064,,1,19
Fri Oct 25 2019,7:00p,Toronto Raptors,106,Boston Celtics,112,Box Score,,18624,,0,6
Fri Oct 25 2019,7:00p,Minnesota Timberwolves,121,Charlotte Hornets,99,Box Score,,14879,,1,22
Fri Oct 25 2019,7:30p,New York Knicks,109,Brooklyn Nets,113,Box Score,,17732,,0,4
Fri Oct 25 2019,8:00p,Chicago Bulls,110,Memphis Grizzlies,102,Box Score,,17794,,1,8
Fri Oct 25 2019,8:00p,Dallas Mavericks,123,New Orleans Pelicans,116,Box Score,,17027,,1,7
Fri Oct 25 2019,8:00p,Washington Wizards,97,Oklahoma City Thunder,85,Box Score,,18203,,1,12
Fri Oct 25 2019,9:00p,Phoenix Suns,107,Denver Nuggets,108,Box Score,OT,19557,,0,1
Fri Oct 25 2019,10:00p,Portland Trail Blazers,122,Sacramento Kings,112,Box Score,,17583,,1,10
Fri Oct 25 2019,10:30p,Utah Jazz,86,Los Angeles Lakers,95,Box Score,,18997,,0,9
Sat Oct 26 2019,5:00p,Miami Heat,131,Milwaukee Bucks,126,Box Score,OT,17467,,1,5
Sat Oct 26 2019,7:00p,Philadelphia 76ers,117,Detroit Pistons,111,Box Score,,16207,,1,6
Sat Oct 26 2019,7:30p,Orlando Magic,99,Atlanta Hawks,103,Box Score,,17078,,0,4
Sat Oct 26 2019,7:30p,Boston Celtics,118,New York Knicks,95,Box Score,,19812,,1,23
Sat Oct 26 2019,8:00p,Toronto Raptors,108,Chicago Bulls,84,Box Score,,21498,,1,24
Sat Oct 26 2019,8:00p,Indiana Pacers,99,Cleveland Cavaliers,110,Box Score,,19432,,0,11
Sat Oct 26 2019,8:00p,New Orleans Pelicans,123,Houston Rockets,126,Box Score,,18055,,0,3
Sat Oct 26 2019,8:30p,Washington Wizards,122,San Antonio Spurs,124,Box Score,,18354,,0,2
Sat Oct 26 2019,9:00p,Sacramento Kings,81,Utah Jazz,113,Box Score,,18306,,0,32
Sat Oct 26 2019,10:00p,Los Angeles Clippers,122,Phoenix Suns,130,Box Score,,15802,,0,8
Sun Oct 27 2019,3:30p,Golden State Warriors,92,Oklahoma City Thunder,120,Box Score,,18203,,0,28
Sun Oct 27 2019,6:00p,Brooklyn Nets,133,Memphis Grizzlies,134,Box Score,OT,15517,,0,1
Sun Oct 27 2019,7:00p,Portland Trail Blazers,121,Dallas Mavericks,119,Box Score,,19707,,1,2
Sun Oct 27 2019,7:00p,Miami Heat,109,Minnesota Timberwolves,116,Box Score,,17049,,0,7
Sun Oct 27 2019,9:30p,Charlotte Hornets,101,Los Angeles Lakers,120,Box Score,,18997,,0,19
Mon Oct 28 2019,7:00p,Chicago Bulls,98,New York Knicks,105,Box Score,,19812,,0,7
Mon Oct 28 2019,7:00p,Indiana Pacers,94,Detroit Pistons,96,Box Score,,13565,,0,2
Mon Oct 28 2019,7:30p,Orlando Magic,95,Toronto Raptors,104,Box Score,,19800,,0,9
Mon Oct 28 2019,7:30p,Philadelphia 76ers,105,Atlanta Hawks,103,Box Score,,14094,,1,2
Mon Oct 28 2019,8:00p,Oklahoma City Thunder,112,Houston Rockets,116,Box Score,,18055,,0,4
Mon Oct 28 2019,8:00p,Cleveland Cavaliers,112,Milwaukee Bucks,129,Box Score,,17385,,0,17
Mon Oct 28 2019,8:00p,Golden State Warriors,134,New Orleans Pelicans,123,Box Score,,17307,,1,11
Mon Oct 28 2019,8:30p,Portland Trail Blazers,110,San Antonio Spurs,113,Box Score,,18083,,0,3
Mon Oct 28 2019,10:00p,Utah Jazz,96,Phoenix Suns,95,Box Score,,14805,,1,1
Mon Oct 28 2019,10:00p,Denver Nuggets,101,Sacramento Kings,94,Box Score,,15870,,1,7
Mon Oct 28 2019,10:30p,Charlotte Hornets,96,Los Angeles Clippers,111,Box Score,,19068,,0,15
Tue Oct 29 2019,7:30p,Atlanta Hawks,97,Miami Heat,112,Box Score,,19600,,0,15
Tue Oct 29 2019,9:00p,Dallas Mavericks,109,Denver Nuggets,106,Box Score,,16605,,1,3
Tue Oct 29 2019,10:30p,Memphis Grizzlies,91,Los Angeles Lakers,120,Box Score,,18997,,0,29
Wed Oct 30 2019,7:00p,Chicago Bulls,111,Cleveland Cavaliers,117,Box Score,,17595,,0,6
Wed Oct 30 2019,7:00p,New York Knicks,83,Orlando Magic,95,Box Score,,17456,,0,12
Wed Oct 30 2019,7:00p,Minnesota Timberwolves,95,Philadelphia 76ers,117,Box Score,,20204,,0,22
Wed Oct 30 2019,7:30p,Milwaukee Bucks,105,Boston Celtics,116,Box Score,,18624,,0,11
Wed Oct 30 2019,7:30p,Indiana Pacers,118,Brooklyn Nets,108,Box Score,,17083,,1,10
Wed Oct 30 2019,7:30p,Detroit Pistons,113,Toronto Raptors,125,Box Score,,19800,,0,12
Wed Oct 30 2019,8:00p,Portland Trail Blazers,102,Oklahoma City Thunder,99,Box Score,,18203,,1,3
Wed Oct 30 2019,8:00p,Houston Rockets,159,Washington Wizards,158,Box Score,,20476,,1,1
Wed Oct 30 2019,10:00p,Charlotte Hornets,118,Sacramento Kings,111,Box Score,,15416,,1,7
Wed Oct 30 2019,10:00p,Los Angeles Clippers,96,Utah Jazz,110,Box Score,,18306,,0,14
Wed Oct 30 2019,10:30p,Phoenix Suns,121,Golden State Warriors,110,Box Score,,18064,,1,11
Thu Oct 31 2019,7:00p,Miami Heat,106,Atlanta Hawks,97,Box Score,,16539,,1,9
Thu Oct 31 2019,9:30p,Denver Nuggets,107,New Orleans Pelicans,122,Box Score,,16613,,0,15
Thu Oct 31 2019,10:30p,San Antonio Spurs,97,Los Angeles Clippers,103,Box Score,,19068,,0,6
Fri Nov 1 2019,7:00p,Houston Rockets,116,Brooklyn Nets,123,Box Score,,17732,,0,7
Fri Nov 1 2019,7:00p,Cleveland Cavaliers,95,Indiana Pacers,102,Box Score,,16079,,0,7
Fri Nov 1 2019,7:00p,Milwaukee Bucks,123,Orlando Magic,91,Box Score,,15105,,1,32
Fri Nov 1 2019,7:30p,New York Knicks,102,Boston Celtics,104,Box Score,,18624,,0,2
Fri Nov 1 2019,8:00p,Detroit Pistons,106,Chicago Bulls,112,Box Score,,20671,,0,6
Fri Nov 1 2019,9:30p,Los Angeles Lakers,119,Dallas Mavericks,110,Box Score,OT,20358,,1,9
Fri Nov 1 2019,10:00p,Utah Jazz,101,Sacramento Kings,102,Box Score,,16273,,0,1
Fri Nov 1 2019,10:30p,San Antonio Spurs,127,Golden State Warriors,110,Box Score,,18064,,1,17
Sat Nov 2 2019,5:00p,New Orleans Pelicans,104,Oklahoma City Thunder,115,Box Score,,18203,,0,11
Sat Nov 2 2019,7:00p,Brooklyn Nets,109,Detroit Pistons,113,Box Score,,17222,,0,4
Sat Nov 2 2019,7:00p,Denver Nuggets,91,Orlando Magic,87,Box Score,,17025,,1,4
Sat Nov 2 2019,8:00p,Phoenix Suns,114,Memphis Grizzlies,105,Box Score,,14144,,1,9
Sat Nov 2 2019,8:00p,Toronto Raptors,105,Milwaukee Bucks,115,Box Score,,17637,,0,10
Sat Nov 2 2019,8:00p,Minnesota Timberwolves,131,Washington Wizards,109,Box Score,,15150,,1,22
Sat Nov 2 2019,8:30p,Charlotte Hornets,93,Golden State Warriors,87,Box Score,,18064,,1,6
Sat Nov 2 2019,10:00p,Philadelphia 76ers,129,Portland Trail Blazers,128,Box Score,,19669,,1,1
Sun Nov 3 2019,5:00p,Chicago Bulls,95,Indiana Pacers,108,Box Score,,17073,,0,13
Sun Nov 3 2019,6:00p,Houston Rockets,100,Miami Heat,129,Box Score,,19724,,0,29
Sun Nov 3 2019,6:00p,Sacramento Kings,113,New York Knicks,92,Box Score,,19812,,1,21
Sun Nov 3 2019,7:00p,Los Angeles Lakers,103,San Antonio Spurs,96,Box Score,,18610,,1,7
Sun Nov 3 2019,7:30p,Dallas Mavericks,131,Cleveland Cavaliers,111,Box Score,,18078,,1,20
Sun Nov 3 2019,9:00p,Utah Jazz,94,Los Angeles Clippers,105,Box Score,,19068,,0,11
Mon Nov 4 2019,7:00p,Detroit Pistons,99,Washington Wizards,115,Box Score,,13052,,0,16
Mon Nov 4 2019,7:30p,New Orleans Pelicans,125,Brooklyn Nets,135,Box Score,,17194,,0,10
Mon Nov 4 2019,8:00p,Houston Rockets,107,Memphis Grizzlies,100,Box Score,,14197,,1,7
Mon Nov 4 2019,8:00p,Milwaukee Bucks,134,Minnesota Timberwolves,106,Box Score,,16271,,1,28
Mon Nov 4 2019,9:00p,Philadelphia 76ers,109,Phoenix Suns,114,Box Score,,14285,,0,5
Mon Nov 4 2019,10:30p,Portland Trail Blazers,118,Golden State Warriors,127,Box Score,,18064,,0,9
Tue Nov 5 2019,7:00p,Indiana Pacers,120,Charlotte Hornets,122,Box Score,OT,13341,,0,2
Tue Nov 5 2019,7:00p,Boston Celtics,119,Cleveland Cavaliers,113,Box Score,,17709,,1,6
Tue Nov 5 2019,7:30p,San Antonio Spurs,100,Atlanta Hawks,108,Box Score,,14025,,0,8
Tue Nov 5 2019,8:00p,Los Angeles Lakers,118,Chicago Bulls,112,Box Score,,21193,,1,6
Tue Nov 5 2019,8:00p,Orlando Magic,94,Oklahoma City Thunder,102,Box Score,,18203,,0,8
Tue Nov 5 2019,9:00p,Miami Heat,89,Denver Nuggets,109,Box Score,,18010,,0,20
Wed Nov 6 2019,7:00p,New York Knicks,102,Detroit Pistons,122,Box Score,,15463,,0,20
Wed Nov 6 2019,7:00p,Washington Wizards,106,Indiana Pacers,121,Box Score,,16171,,0,15
Wed Nov 6 2019,7:30p,Chicago Bulls,113,Atlanta Hawks,93,Box Score,,15049,,1,20
Wed Nov 6 2019,7:30p,Golden State Warriors,112,Houston Rockets,129,Box Score,,18055,,0,17
Wed Nov 6 2019,7:30p,Sacramento Kings,120,Toronto Raptors,124,Box Score,,19800,,0,4
Wed Nov 6 2019,8:00p,Minnesota Timberwolves,121,Memphis Grizzlies,137,Box Score,,13503,,0,16
Wed Nov 6 2019,8:30p,Orlando Magic,106,Dallas Mavericks,107,Box Score,,19487,,0,1
Wed Nov 6 2019,9:00p,Philadelphia 76ers,104,Utah Jazz,106,Box Score,,18306,,0,2
Wed Nov 6 2019,10:00p,Milwaukee Bucks,129,Los Angeles Clippers,124,Box Score,,19068,,1,5
Thu Nov 7 2019,8:00p,Boston Celtics,108,Charlotte Hornets,87,Box Score,,18487,,1,21
Thu Nov 7 2019,8:30p,Oklahoma City Thunder,112,San Antonio Spurs,121,Box Score,,18354,,0,9
Thu Nov 7 2019,9:00p,Miami Heat,124,Phoenix Suns,108,Box Score,,15498,,1,16
Thu Nov 7 2019,10:30p,Portland Trail Blazers,101,Los Angeles Clippers,107,Box Score,,19068,,0,6
Fri Nov 8 2019,7:00p,Detroit Pistons,106,Indiana Pacers,112,Box Score,,15544,,0,6
Fri Nov 8 2019,7:00p,Memphis Grizzlies,86,Orlando Magic,118,Box Score,,17021,,0,32
Fri Nov 8 2019,7:00p,Cleveland Cavaliers,113,Washington Wizards,100,Box Score,,16946,,1,13
Fri Nov 8 2019,7:30p,Sacramento Kings,121,Atlanta Hawks,109,Box Score,,16447,,1,12
Fri Nov 8 2019,8:00p,Golden State Warriors,119,Minnesota Timberwolves,125,Box Score,OT,15647,,0,6
Fri Nov 8 2019,8:00p,Toronto Raptors,122,New Orleans Pelicans,104,Box Score,,16337,,1,18
Fri Nov 8 2019,8:30p,New York Knicks,106,Dallas Mavericks,102,Box Score,,20257,,1,4
Fri Nov 8 2019,9:00p,Philadelphia 76ers,97,Denver Nuggets,100,Box Score,,19520,,0,3
Fri Nov 8 2019,9:00p,Milwaukee Bucks,100,Utah Jazz,103,Box Score,,18306,,0,3
Fri Nov 8 2019,10:00p,Brooklyn Nets,119,Portland Trail Blazers,115,Box Score,,20089,,1,4
Fri Nov 8 2019,10:30p,Miami Heat,80,Los Angeles Lakers,95,Box Score,,18997,,0,15
Sat Nov 9 2019,5:00p,Boston Celtics,135,San Antonio Spurs,115,Box Score,,18354,,1,20
Sat Nov 9 2019,7:00p,New Orleans Pelicans,115,Charlotte Hornets,110,Box Score,,18513,,1,5
Sat Nov 9 2019,8:00p,Houston Rockets,117,Chicago Bulls,94,Box Score,,20482,,1,23
Sat Nov 9 2019,8:00p,Dallas Mavericks,138,Memphis Grizzlies,122,Box Score,,15753,,1,16
Sat Nov 9 2019,8:00p,Golden State Warriors,108,Oklahoma City Thunder,114,Box Score,,18203,,0,6
Sun Nov 10 2019,3:30p,Denver Nuggets,100,Minnesota Timberwolves,98,Box Score,OT,13553,,1,2
Sun Nov 10 2019,6:00p,Indiana Pacers,109,Orlando Magic,102,Box Score,,17118,,1,7
Sun Nov 10 2019,6:00p,Charlotte Hornets,106,Philadelphia 76ers,114,Box Score,,20311,,0,8
Sun Nov 10 2019,7:00p,Milwaukee Bucks,121,Oklahoma City Thunder,119,Box Score,,18203,,1,2
Sun Nov 10 2019,7:30p,Cleveland Cavaliers,108,New York Knicks,87,Box Score,,19812,,1,21
Sun Nov 10 2019,8:00p,Brooklyn Nets,112,Phoenix Suns,138,Box Score,,17290,,0,26
Sun Nov 10 2019,9:00p,Atlanta Hawks,113,Portland Trail Blazers,124,Box Score,OT,20041,,0,11
Sun Nov 10 2019,9:30p,Toronto Raptors,113,Los Angeles Lakers,104,Box Score,,18997,,1,9
Mon Nov 11 2019,7:00p,Minnesota Timberwolves,120,Detroit Pistons,114,Box Score,,12526,,1,6
Mon Nov 11 2019,7:30p,Dallas Mavericks,106,Boston Celtics,116,Box Score,,18624,,0,10
Mon Nov 11 2019,7:30p,Memphis Grizzlies,113,San Antonio Spurs,109,Box Score,,18627,,1,4
Mon Nov 11 2019,8:00p,Houston Rockets,122,New Orleans Pelicans,116,Box Score,,16695,,1,6
Mon Nov 11 2019,10:30p,Utah Jazz,122,Golden State Warriors,108,Box Score,,18064,,1,14
Mon Nov 11 2019,10:30p,Toronto Raptors,88,Los Angeles Clippers,98,Box Score,,19068,,0,10
Tue Nov 12 2019,7:00p,Oklahoma City Thunder,85,Indiana Pacers,111,Box Score,,15838,,0,26
Tue Nov 12 2019,7:00p,Cleveland Cavaliers,97,Philadelphia 76ers,98,Box Score,,20294,,0,1
Tue Nov 12 2019,7:30p,Detroit Pistons,108,Miami Heat,117,Box Score,,19600,,0,9
Tue Nov 12 2019,8:00p,New York Knicks,102,Chicago Bulls,120,Box Score,,18668,,0,18
Tue Nov 12 2019,9:00p,Atlanta Hawks,125,Denver Nuggets,121,Box Score,,18327,,1,4
Tue Nov 12 2019,9:00p,Los Angeles Lakers,123,Phoenix Suns,115,Box Score,,18055,,1,8
Tue Nov 12 2019,9:00p,Brooklyn Nets,114,Utah Jazz,119,Box Score,,18306,,0,5
Tue Nov 12 2019,10:00p,Portland Trail Blazers,99,Sacramento Kings,107,Box Score,,16358,,0,8
Wed Nov 13 2019,7:00p,Memphis Grizzlies,119,Charlotte Hornets,117,Box Score,,13155,,1,2
Wed Nov 13 2019,7:00p,Philadelphia 76ers,97,Orlando Magic,112,Box Score,,15113,,0,15
Wed Nov 13 2019,7:30p,Washington Wizards,133,Boston Celtics,140,Box Score,,19156,,0,7
Wed Nov 13 2019,7:30p,Los Angeles Clippers,93,Houston Rockets,102,Box Score,,18055,,0,9
Wed Nov 13 2019,8:00p,San Antonio Spurs,114,Minnesota Timberwolves,129,Box Score,,11581,,0,15
Wed Nov 13 2019,10:00p,Golden State Warriors,94,Los Angeles Lakers,120,Box Score,,18997,,0,26
Wed Nov 13 2019,10:00p,Toronto Raptors,114,Portland Trail Blazers,106,Box Score,,19544,,1,8
Thu Nov 14 2019,6:00p,Miami Heat,108,Cleveland Cavaliers,97,Box Score,,17374,,1,11
Thu Nov 14 2019,8:00p,Chicago Bulls,115,Milwaukee Bucks,124,Box Score,,17627,,0,9
Thu Nov 14 2019,8:00p,Los Angeles Clippers,127,New Orleans Pelicans,132,Box Score,,17147,,0,5
Thu Nov 14 2019,8:00p,Dallas Mavericks,103,New York Knicks,106,Box Score,,19812,,0,3
Thu Nov 14 2019,9:00p,Atlanta Hawks,112,Phoenix Suns,128,Box Score,,15143,,0,16
Thu Nov 14 2019,10:30p,Brooklyn Nets,93,Denver Nuggets,101,Box Score,,18394,,0,8
Fri Nov 15 2019,7:00p,Detroit Pistons,106,Charlotte Hornets,109,Box Score,,16778,,0,3
Fri Nov 15 2019,7:00p,San Antonio Spurs,109,Orlando Magic,111,Box Score,,16296,,0,2
Fri Nov 15 2019,8:00p,Indiana Pacers,102,Houston Rockets,111,Box Score,,18055,,0,9
Fri Nov 15 2019,8:00p,Utah Jazz,106,Memphis Grizzlies,107,Box Score,,16422,,0,1
Fri Nov 15 2019,8:00p,Washington Wizards,137,Minnesota Timberwolves,116,Box Score,,12716,,1,21
Fri Nov 15 2019,8:00p,Philadelphia 76ers,119,Oklahoma City Thunder,127,Box Score,OT,18203,,0,8
Fri Nov 15 2019,10:30p,Boston Celtics,105,Golden State Warriors,100,Box Score,,18064,,1,5
Fri Nov 15 2019,10:30p,Sacramento Kings,97,Los Angeles Lakers,99,Box Score,,18997,,0,2
Sat Nov 16 2019,6:00p,Brooklyn Nets,117,Chicago Bulls,111,Box Score,,19148,,1,6
Sat Nov 16 2019,7:00p,Milwaukee Bucks,102,Indiana Pacers,83,Box Score,,17024,,1,19
Sat Nov 16 2019,7:30p,Charlotte Hornets,103,New York Knicks,102,Box Score,,19401,,1,1
Sat Nov 16 2019,8:00p,New Orleans Pelicans,94,Miami Heat,109,Box Score,,19600,,0,15
Sat Nov 16 2019,8:00p,Houston Rockets,125,Minnesota Timberwolves,105,Box Score,,18978,,1,20
Sat Nov 16 2019,8:30p,Toronto Raptors,102,Dallas Mavericks,110,Box Score,,19926,,0,8
Sat Nov 16 2019,8:30p,Portland Trail Blazers,121,San Antonio Spurs,116,Box Score,,18534,,1,5
Sat Nov 16 2019,10:30p,Atlanta Hawks,101,Los Angeles Clippers,150,Box Score,,19068,,0,49
Sun Nov 17 2019,3:00p,Philadelphia 76ers,114,Cleveland Cavaliers,95,Box Score,,19432,,1,19
Sun Nov 17 2019,3:30p,Boston Celtics,99,Sacramento Kings,100,Box Score,,16633,,0,1
Sun Nov 17 2019,6:00p,Denver Nuggets,131,Memphis Grizzlies,114,Box Score,,14227,,1,17
Sun Nov 17 2019,6:00p,Washington Wizards,121,Orlando Magic,125,Box Score,,16344,,0,4
Sun Nov 17 2019,7:00p,Golden State Warriors,100,New Orleans Pelicans,108,Box Score,,16812,,0,8
Sun Nov 17 2019,9:30p,Atlanta Hawks,101,Los Angeles Lakers,122,Box Score,,18997,,0,21
Mon Nov 18 2019,7:00p,Cleveland Cavaliers,105,New York Knicks,123,Box Score,,17097,,0,18
Mon Nov 18 2019,7:30p,Indiana Pacers,115,Brooklyn Nets,86,Box Score,,14140,,1,29
Mon Nov 18 2019,7:30p,Charlotte Hornets,96,Toronto Raptors,132,Box Score,,19800,,0,36
Mon Nov 18 2019,8:00p,Milwaukee Bucks,115,Chicago Bulls,101,Box Score,,17565,,1,14
Mon Nov 18 2019,8:00p,Portland Trail Blazers,108,Houston Rockets,132,Box Score,,18055,,0,24
Mon Nov 18 2019,8:30p,San Antonio Spurs,110,Dallas Mavericks,117,Box Score,,19637,,0,7
Mon Nov 18 2019,9:00p,Boston Celtics,99,Phoenix Suns,85,Box Score,,15193,,1,14
Mon Nov 18 2019,9:00p,Minnesota Timberwolves,112,Utah Jazz,102,Box Score,,18306,,1,10
Mon Nov 18 2019,10:30p,Oklahoma City Thunder,88,Los Angeles Clippers,90,Box Score,,19068,,0,2
Tue Nov 19 2019,8:00p,Golden State Warriors,114,Memphis Grizzlies,95,Box Score,,14511,,1,19
Tue Nov 19 2019,8:00p,Portland Trail Blazers,104,New Orleans Pelicans,115,Box Score,,15021,,0,11
Tue Nov 19 2019,10:00p,Phoenix Suns,116,Sacramento Kings,120,Box Score,,16732,,0,4
Tue Nov 19 2019,10:30p,Oklahoma City Thunder,107,Los Angeles Lakers,112,Box Score,,18997,,0,5
Wed Nov 20 2019,7:00p,New York Knicks,104,Philadelphia 76ers,109,Box Score,,20384,,0,5
Wed Nov 20 2019,7:00p,San Antonio Spurs,132,Washington Wizards,138,Box Score,,14579,,0,6
Wed Nov 20 2019,7:30p,Milwaukee Bucks,135,Atlanta Hawks,127,Box Score,,16441,,1,8
Wed Nov 20 2019,7:30p,Charlotte Hornets,91,Brooklyn Nets,101,Box Score,,14011,,0,10
Wed Nov 20 2019,7:30p,Golden State Warriors,94,Dallas Mavericks,142,Box Score,,19569,,0,48
Wed Nov 20 2019,7:30p,Cleveland Cavaliers,100,Miami Heat,124,Box Score,,19600,,0,24
Wed Nov 20 2019,7:30p,Orlando Magic,97,Toronto Raptors,113,Box Score,,19800,,0,16
Wed Nov 20 2019,8:00p,Detroit Pistons,89,Chicago Bulls,109,Box Score,,18119,,0,20
Wed Nov 20 2019,8:00p,Utah Jazz,103,Minnesota Timberwolves,95,Box Score,,13177,,1,8
Wed Nov 20 2019,9:00p,Houston Rockets,95,Denver Nuggets,105,Box Score,,17778,,0,10
Wed Nov 20 2019,10:00p,Boston Celtics,104,Los Angeles Clippers,107,Box Score,OT,19068,,0,3
Thu Nov 21 2019,8:00p,Portland Trail Blazers,129,Milwaukee Bucks,137,Box Score,,17385,,0,8
Thu Nov 21 2019,10:30p,New Orleans Pelicans,124,Phoenix Suns,121,Box Score,,13903,,1,3
Fri Nov 22 2019,7:00p,Atlanta Hawks,103,Detroit Pistons,128,Box Score,,15399,,0,25
Fri Nov 22 2019,7:00p,Charlotte Hornets,118,Washington Wizards,125,Box Score,,15053,,0,7
Fri Nov 22 2019,7:30p,Sacramento Kings,97,Brooklyn Nets,116,Box Score,,15619,,0,19
Fri Nov 22 2019,8:00p,Miami Heat,116,Chicago Bulls,108,Box Score,,18953,,1,8
Fri Nov 22 2019,8:00p,Los Angeles Lakers,130,Oklahoma City Thunder,127,Box Score,,18203,,1,3
Fri Nov 22 2019,8:00p,San Antonio Spurs,104,Philadelphia 76ers,115,Box Score,,20927,,0,11
Fri Nov 22 2019,8:30p,Cleveland Cavaliers,101,Dallas Mavericks,143,Box Score,,19639,,0,42
Fri Nov 22 2019,9:00p,Boston Celtics,92,Denver Nuggets,96,Box Score,,19520,,0,4
Fri Nov 22 2019,9:00p,Golden State Warriors,109,Utah Jazz,113,Box Score,,18306,,0,4
Fri Nov 22 2019,10:30p,Houston Rockets,119,Los Angeles Clippers,122,Box Score,,19068,,0,3
Sat Nov 23 2019,5:00p,Phoenix Suns,100,Minnesota Timberwolves,98,Box Score,,17362,,1,2
Sat Nov 23 2019,7:00p,Chicago Bulls,116,Charlotte Hornets,115,Box Score,,17891,,1,1
Sat Nov 23 2019,7:00p,Orlando Magic,106,Indiana Pacers,111,Box Score,,16446,,0,5
Sat Nov 23 2019,7:30p,Toronto Raptors,119,Atlanta Hawks,116,Box Score,,16931,,1,3
Sat Nov 23 2019,7:30p,San Antonio Spurs,111,New York Knicks,104,Box Score,,19320,,1,7
Sat Nov 23 2019,7:30p,Miami Heat,86,Philadelphia 76ers,113,Box Score,,21017,,0,27
Sat Nov 23 2019,8:00p,Portland Trail Blazers,104,Cleveland Cavaliers,110,Box Score,,19432,,0,6
Sat Nov 23 2019,8:00p,Los Angeles Lakers,109,Memphis Grizzlies,108,Box Score,,17794,,1,1
Sat Nov 23 2019,8:30p,Detroit Pistons,90,Milwaukee Bucks,104,Box Score,,17585,,0,14
Sat Nov 23 2019,9:00p,New Orleans Pelicans,120,Utah Jazz,128,Box Score,,18306,,0,8
Sun Nov 24 2019,3:30p,Dallas Mavericks,137,Houston Rockets,123,Box Score,,18055,,1,14
Sun Nov 24 2019,6:00p,Brooklyn Nets,103,New York Knicks,101,Box Score,,18770,,1,2
Sun Nov 24 2019,6:00p,Sacramento Kings,113,Washington Wizards,106,Box Score,,15885,,1,7
Sun Nov 24 2019,8:00p,Phoenix Suns,104,Denver Nuggets,116,Box Score,,19520,,0,12
Sun Nov 24 2019,9:00p,New Orleans Pelicans,109,Los Angeles Clippers,134,Box Score,,19068,,0,25
Mon Nov 25 2019,7:00p,Brooklyn Nets,108,Cleveland Cavaliers,106,Box Score,,17143,,1,2
Mon Nov 25 2019,7:00p,Orlando Magic,88,Detroit Pistons,103,Box Score,,14695,,0,15
Mon Nov 25 2019,7:00p,Memphis Grizzlies,114,Indiana Pacers,126,Box Score,,15141,,0,12
Mon Nov 25 2019,7:30p,Minnesota Timberwolves,125,Atlanta Hawks,113,Box Score,,16218,,1,12
Mon Nov 25 2019,7:30p,Sacramento Kings,102,Boston Celtics,103,Box Score,,19156,,0,1
Mon Nov 25 2019,7:30p,Charlotte Hornets,100,Miami Heat,117,Box Score,,19600,,0,17
Mon Nov 25 2019,7:30p,Philadelphia 76ers,96,Toronto Raptors,101,Box Score,,19800,,0,5
Mon Nov 25 2019,8:00p,Portland Trail Blazers,117,Chicago Bulls,94,Box Score,,18776,,1,23
Mon Nov 25 2019,8:00p,Utah Jazz,118,Milwaukee Bucks,122,Box Score,,17385,,0,4
Mon Nov 25 2019,8:30p,Los Angeles Lakers,114,San Antonio Spurs,104,Box Score,,18498,,1,10
Mon Nov 25 2019,10:30p,Oklahoma City Thunder,100,Golden State Warriors,97,Box Score,,18064,,1,3
Tue Nov 26 2019,8:30p,Los Angeles Clippers,114,Dallas Mavericks,99,Box Score,,20407,,1,15
Tue Nov 26 2019,9:00p,Washington Wizards,104,Denver Nuggets,117,Box Score,,18673,,0,13
Wed Nov 27 2019,7:00p,Brooklyn Nets,110,Boston Celtics,121,Box Score,,19156,,0,11
Wed Nov 27 2019,7:00p,Detroit Pistons,101,Charlotte Hornets,102,Box Score,,15535,,0,1
Wed Nov 27 2019,7:00p,Orlando Magic,116,Cleveland Cavaliers,104,Box Score,,17712,,1,12
Wed Nov 27 2019,7:00p,Utah Jazz,102,Indiana Pacers,121,Box Score,,17027,,0,19
Wed Nov 27 2019,7:00p,Sacramento Kings,91,Philadelphia 76ers,97,Box Score,,20592,,0,6
Wed Nov 27 2019,7:30p,New York Knicks,98,Toronto Raptors,126,Box Score,,19800,,0,28
Wed Nov 27 2019,8:00p,Miami Heat,108,Houston Rockets,117,Box Score,,18055,,0,9
Wed Nov 27 2019,8:00p,Los Angeles Clippers,121,Memphis Grizzlies,119,Box Score,,16721,,1,2
Wed Nov 27 2019,8:00p,Atlanta Hawks,102,Milwaukee Bucks,111,Box Score,,17525,,0,9
Wed Nov 27 2019,8:30p,Minnesota Timberwolves,113,San Antonio Spurs,101,Box Score,,18354,,1,12
Wed Nov 27 2019,9:00p,Washington Wizards,140,Phoenix Suns,132,Box Score,,14123,,1,8
Wed Nov 27 2019,9:30p,Los Angeles Lakers,114,New Orleans Pelicans,110,Box Score,,18626,,1,4
Wed Nov 27 2019,10:00p,Oklahoma City Thunder,119,Portland Trail Blazers,136,Box Score,,19870,,0,17
Wed Nov 27 2019,10:30p,Chicago Bulls,90,Golden State Warriors,104,Box Score,,18064,,0,14
Fri Nov 29 2019,12:00p,Boston Celtics,107,Brooklyn Nets,112,Box Score,,17732,,0,5
Fri Nov 29 2019,7:00p,Charlotte Hornets,110,Detroit Pistons,107,Box Score,,15006,,1,3
Fri Nov 29 2019,7:00p,Toronto Raptors,90,Orlando Magic,83,Box Score,,17014,,1,7
Fri Nov 29 2019,7:30p,Milwaukee Bucks,119,Cleveland Cavaliers,110,Box Score,,19432,,1,9
Fri Nov 29 2019,7:30p,Philadelphia 76ers,101,New York Knicks,95,Box Score,,18109,,1,6
Fri Nov 29 2019,8:00p,Atlanta Hawks,104,Indiana Pacers,105,Box Score,OT,15827,,0,1
Fri Nov 29 2019,8:00p,Utah Jazz,103,Memphis Grizzlies,94,Box Score,,16605,,1,9
Fri Nov 29 2019,8:00p,Golden State Warriors,105,Miami Heat,122,Box Score,,19600,,0,17
Fri Nov 29 2019,8:00p,New Orleans Pelicans,104,Oklahoma City Thunder,109,Box Score,,18203,,0,5
Fri Nov 29 2019,8:30p,Los Angeles Clippers,97,San Antonio Spurs,107,Box Score,,18354,,0,10
Fri Nov 29 2019,9:00p,Dallas Mavericks,120,Phoenix Suns,113,Box Score,,18055,,1,7
Fri Nov 29 2019,10:00p,Chicago Bulls,103,Portland Trail Blazers,107,Box Score,,20139,,0,4
Fri Nov 29 2019,10:30p,Washington Wizards,103,Los Angeles Lakers,125,Box Score,,18997,,0,22
Sat Nov 30 2019,5:00p,Denver Nuggets,97,Sacramento Kings,100,Box Score,OT,17583,,0,3
Sat Nov 30 2019,7:00p,Indiana Pacers,116,Philadelphia 76ers,119,Box Score,,20517,,0,3
Sat Nov 30 2019,8:00p,Atlanta Hawks,111,Houston Rockets,158,Box Score,,18055,,0,47
Sat Nov 30 2019,8:00p,Charlotte Hornets,96,Milwaukee Bucks,137,Box Score,,17550,,0,41
Sun Dec 1 2019,3:00p,Miami Heat,109,Brooklyn Nets,106,Box Score,,17026,,1,3
Sun Dec 1 2019,3:30p,Memphis Grizzlies,115,Minnesota Timberwolves,107,Box Score,,12276,,1,8
Sun Dec 1 2019,3:30p,Boston Celtics,113,New York Knicks,104,Box Score,,18005,,1,9
Sun Dec 1 2019,4:00p,Dallas Mavericks,114,Los Angeles Lakers,100,Box Score,,18997,,1,14
Sun Dec 1 2019,5:00p,San Antonio Spurs,98,Detroit Pistons,132,Box Score,,14270,,0,34
Sun Dec 1 2019,5:00p,Oklahoma City Thunder,107,New Orleans Pelicans,104,Box Score,,15427,,1,3
Sun Dec 1 2019,6:00p,Golden State Warriors,96,Orlando Magic,100,Box Score,,15052,,0,4
Sun Dec 1 2019,6:00p,Utah Jazz,110,Toronto Raptors,130,Box Score,,18132,,0,20
Sun Dec 1 2019,10:30p,Washington Wizards,125,Los Angeles Clippers,150,Box Score,,19068,,0,25
Mon Dec 2 2019,7:00p,Phoenix Suns,109,Charlotte Hornets,104,Box Score,,11221,,1,5
Mon Dec 2 2019,7:00p,Utah Jazz,94,Philadelphia 76ers,103,Box Score,,20208,,0,9
Mon Dec 2 2019,7:30p,Golden State Warriors,79,Atlanta Hawks,104,Box Score,,14278,,0,25
Mon Dec 2 2019,8:00p,Indiana Pacers,117,Memphis Grizzlies,104,Box Score,,11919,,1,13
Mon Dec 2 2019,8:00p,New York Knicks,88,Milwaukee Bucks,132,Box Score,,17385,,0,44
Mon Dec 2 2019,10:00p,Chicago Bulls,113,Sacramento Kings,106,Box Score,,17257,,1,7
Tue Dec 3 2019,7:00p,Detroit Pistons,127,Cleveland Cavaliers,94,Box Score,,17504,,1,33
Tue Dec 3 2019,7:00p,Orlando Magic,127,Washington Wizards,120,Box Score,,13159,,1,7
Tue Dec 3 2019,7:30p,Dallas Mavericks,118,New Orleans Pelicans,97,Box Score,,14664,,1,21
Tue Dec 3 2019,7:30p,Miami Heat,121,Toronto Raptors,110,Box Score,OT,19800,,1,11
Tue Dec 3 2019,8:30p,Houston Rockets,133,San Antonio Spurs,135,Box Score,2OT,18354,,0,2
Tue Dec 3 2019,9:00p,Los Angeles Lakers,105,Denver Nuggets,96,Box Score,,19658,,1,9
Tue Dec 3 2019,10:00p,Portland Trail Blazers,97,Los Angeles Clippers,117,Box Score,,19068,,0,20
Wed Dec 4 2019,7:00p,Golden State Warriors,91,Charlotte Hornets,106,Box Score,,14355,,0,15
Wed Dec 4 2019,7:00p,Milwaukee Bucks,127,Detroit Pistons,103,Box Score,,15742,,1,24
Wed Dec 4 2019,7:00p,Phoenix Suns,114,Orlando Magic,128,Box Score,,15176,,0,14
Wed Dec 4 2019,7:30p,Brooklyn Nets,130,Atlanta Hawks,118,Box Score,,15694,,1,12
Wed Dec 4 2019,7:30p,Miami Heat,93,Boston Celtics,112,Box Score,,19156,,0,19
Wed Dec 4 2019,8:00p,Memphis Grizzlies,99,Chicago Bulls,106,Box Score,,15017,,0,7
Wed Dec 4 2019,8:00p,Indiana Pacers,107,Oklahoma City Thunder,100,Box Score,,18203,,1,7
Wed Dec 4 2019,8:30p,Minnesota Timberwolves,114,Dallas Mavericks,121,Box Score,,19671,,0,7
Wed Dec 4 2019,9:00p,Los Angeles Lakers,121,Utah Jazz,96,Box Score,,18306,,1,25
Wed Dec 4 2019,10:00p,Sacramento Kings,116,Portland Trail Blazers,127,Box Score,,19393,,0,11
Thu Dec 5 2019,7:00p,Philadelphia 76ers,113,Washington Wizards,119,Box Score,,16554,,0,6
Thu Dec 5 2019,7:30p,Denver Nuggets,129,New York Knicks,92,Box Score,,18171,,1,37
Thu Dec 5 2019,7:30p,Houston Rockets,119,Toronto Raptors,109,Box Score,,19800,,1,10
Thu Dec 5 2019,8:00p,Phoenix Suns,139,New Orleans Pelicans,132,Box Score,OT,15607,,1,7
Fri Dec 6 2019,7:00p,Brooklyn Nets,111,Charlotte Hornets,104,Box Score,,15075,,1,7
Fri Dec 6 2019,7:00p,Orlando Magic,93,Cleveland Cavaliers,87,Box Score,,18446,,1,6
Fri Dec 6 2019,7:00p,Indiana Pacers,101,Detroit Pistons,108,Box Score,,14894,,0,7
Fri Dec 6 2019,8:00p,Denver Nuggets,95,Boston Celtics,108,Box Score,,19156,,0,13
Fri Dec 6 2019,8:00p,Golden State Warriors,100,Chicago Bulls,98,Box Score,,18841,,1,2
Fri Dec 6 2019,8:00p,Washington Wizards,103,Miami Heat,112,Box Score,,19600,,0,9
Fri Dec 6 2019,8:00p,Minnesota Timberwolves,127,Oklahoma City Thunder,139,Box Score,OT,18203,,0,12
Fri Dec 6 2019,8:30p,Los Angeles Clippers,91,Milwaukee Bucks,119,Box Score,,17732,,0,28
Fri Dec 6 2019,8:30p,Sacramento Kings,104,San Antonio Spurs,105,Box Score,OT,18354,,0,1
Fri Dec 6 2019,10:30p,Los Angeles Lakers,136,Portland Trail Blazers,113,Box Score,,19912,,1,23
Sat Dec 7 2019,2:00p,New Orleans Pelicans,84,Dallas Mavericks,130,Box Score,,19456,,0,46
Sat Dec 7 2019,7:30p,Indiana Pacers,104,New York Knicks,103,Box Score,,19110,,1,1
Sat Dec 7 2019,7:30p,Cleveland Cavaliers,94,Philadelphia 76ers,141,Box Score,,20844,,0,47
Sat Dec 7 2019,8:00p,Phoenix Suns,109,Houston Rockets,115,Box Score,,18055,,0,6
Sat Dec 7 2019,10:00p,Memphis Grizzlies,112,Utah Jazz,126,Box Score,,18306,,0,14
Sun Dec 8 2019,3:00p,Denver Nuggets,102,Brooklyn Nets,105,Box Score,,16679,,0,3
Sun Dec 8 2019,5:00p,Atlanta Hawks,122,Charlotte Hornets,107,Box Score,,15489,,1,15
Sun Dec 8 2019,6:00p,Chicago Bulls,105,Miami Heat,110,Box Score,OT,19600,,0,5
Sun Dec 8 2019,6:00p,Toronto Raptors,104,Philadelphia 76ers,110,Box Score,,20313,,0,6
Sun Dec 8 2019,6:00p,Los Angeles Clippers,135,Washington Wizards,119,Box Score,,15946,,1,16
Sun Dec 8 2019,7:00p,Sacramento Kings,110,Dallas Mavericks,106,Box Score,,19566,,1,4
Sun Dec 8 2019,9:00p,Oklahoma City Thunder,108,Portland Trail Blazers,96,Box Score,,19393,,1,12
Sun Dec 8 2019,9:30p,Minnesota Timberwolves,125,Los Angeles Lakers,142,Box Score,,18997,,0,17
Mon Dec 9 2019,7:00p,Los Angeles Clippers,110,Indiana Pacers,99,Box Score,,14644,,1,11
Mon Dec 9 2019,7:30p,Cleveland Cavaliers,88,Boston Celtics,110,Box Score,,19156,,0,22
Mon Dec 9 2019,8:00p,Toronto Raptors,93,Chicago Bulls,92,Box Score,,14775,,1,1
Mon Dec 9 2019,8:00p,Sacramento Kings,119,Houston Rockets,118,Box Score,,18055,,1,1
Mon Dec 9 2019,8:00p,Orlando Magic,101,Milwaukee Bucks,110,Box Score,,17385,,0,9
Mon Dec 9 2019,8:00p,Detroit Pistons,105,New Orleans Pelicans,103,Box Score,,13694,,1,2
Mon Dec 9 2019,9:00p,Minnesota Timberwolves,109,Phoenix Suns,125,Box Score,,13230,,0,16
Mon Dec 9 2019,9:00p,Oklahoma City Thunder,104,Utah Jazz,90,Box Score,,18306,,1,14
Mon Dec 9 2019,10:30p,Memphis Grizzlies,110,Golden State Warriors,102,Box Score,,18064,,1,8
Tue Dec 10 2019,7:00p,Washington Wizards,107,Charlotte Hornets,114,Box Score,,10626,,0,7
Tue Dec 10 2019,8:00p,Atlanta Hawks,121,Miami Heat,135,Box Score,OT,19600,,0,14
Tue Dec 10 2019,8:00p,Denver Nuggets,92,Philadelphia 76ers,97,Box Score,,20591,,0,5
Tue Dec 10 2019,10:00p,New York Knicks,87,Portland Trail Blazers,115,Box Score,,19393,,0,28
Wed Dec 11 2019,7:00p,Houston Rockets,116,Cleveland Cavaliers,110,Box Score,,17122,,1,6
Wed Dec 11 2019,7:00p,Boston Celtics,117,Indiana Pacers,122,Box Score,,15637,,0,5
Wed Dec 11 2019,7:00p,Los Angeles Lakers,96,Orlando Magic,87,Box Score,,18846,,1,9
Wed Dec 11 2019,7:00p,Los Angeles Clippers,112,Toronto Raptors,92,Box Score,,20144,,1,20
Wed Dec 11 2019,7:30p,Charlotte Hornets,113,Brooklyn Nets,108,Box Score,,15631,,1,5
Wed Dec 11 2019,8:00p,Atlanta Hawks,102,Chicago Bulls,136,Box Score,,15084,,0,34
Wed Dec 11 2019,8:00p,Utah Jazz,127,Minnesota Timberwolves,116,Box Score,,12369,,1,11
Wed Dec 11 2019,9:00p,Memphis Grizzlies,115,Phoenix Suns,108,Box Score,,12254,,1,7
Wed Dec 11 2019,9:30p,New Orleans Pelicans,112,Milwaukee Bucks,127,Box Score,,17385,,0,15
Wed Dec 11 2019,10:00p,Oklahoma City Thunder,93,Sacramento Kings,94,Box Score,,16723,,0,1
Wed Dec 11 2019,10:30p,New York Knicks,124,Golden State Warriors,122,Box Score,OT,18064,,1,2
Thu Dec 12 2019,8:00p,Philadelphia 76ers,115,Boston Celtics,109,Box Score,,19156,,1,6
Thu Dec 12 2019,8:30p,Cleveland Cavaliers,117,San Antonio Spurs,109,Box Score,OT,18354,,1,8
Thu Dec 12 2019,9:00p,Dallas Mavericks,122,Detroit Pistons,111,Box Score,,20064,at Mexico City Mexico,1,11
Thu Dec 12 2019,10:30p,Portland Trail Blazers,99,Denver Nuggets,114,Box Score,,18828,,0,15
Fri Dec 13 2019,7:00p,Los Angeles Lakers,113,Miami Heat,110,Box Score,,20013,,1,3
Fri Dec 13 2019,7:00p,Houston Rockets,130,Orlando Magic,107,Box Score,,16335,,1,23
Fri Dec 13 2019,7:00p,New Orleans Pelicans,109,Philadelphia 76ers,116,Box Score,,20620,,0,7
Fri Dec 13 2019,7:30p,Indiana Pacers,110,Atlanta Hawks,100,Box Score,,15121,,1,10
Fri Dec 13 2019,8:00p,Charlotte Hornets,83,Chicago Bulls,73,Box Score,,18377,,1,10
Fri Dec 13 2019,8:00p,Milwaukee Bucks,127,Memphis Grizzlies,114,Box Score,,16109,,1,13
Fri Dec 13 2019,9:00p,Golden State Warriors,106,Utah Jazz,114,Box Score,,18306,,0,8
Fri Dec 13 2019,9:30p,Los Angeles Clippers,124,Minnesota Timberwolves,117,Box Score,,17585,,1,7
Fri Dec 13 2019,10:00p,New York Knicks,103,Sacramento Kings,101,Box Score,,17583,,1,2
Sat Dec 14 2019,5:00p,San Antonio Spurs,121,Phoenix Suns,119,Box Score,OT,20013,at Mexico City Mexico,1,2
Sat Dec 14 2019,7:30p,Brooklyn Nets,102,Toronto Raptors,110,Box Score,,19800,,0,8
Sat Dec 14 2019,8:00p,Los Angeles Clippers,106,Chicago Bulls,109,Box Score,,18426,,0,3
Sat Dec 14 2019,8:00p,Washington Wizards,111,Memphis Grizzlies,128,Box Score,,15631,,0,17
Sat Dec 14 2019,8:30p,Miami Heat,122,Dallas Mavericks,118,Box Score,OT,20333,,1,4
Sat Dec 14 2019,8:30p,Cleveland Cavaliers,108,Milwaukee Bucks,125,Box Score,,17481,,0,17
Sat Dec 14 2019,9:00p,Oklahoma City Thunder,102,Denver Nuggets,110,Box Score,,19520,,0,8
Sat Dec 14 2019,9:00p,Detroit Pistons,115,Houston Rockets,107,Box Score,,18055,,1,8
Sun Dec 15 2019,3:30p,Orlando Magic,130,New Orleans Pelicans,119,Box Score,,15388,,1,11
Sun Dec 15 2019,5:00p,Charlotte Hornets,85,Indiana Pacers,107,Box Score,,16061,,0,22
Sun Dec 15 2019,6:00p,Los Angeles Lakers,101,Atlanta Hawks,96,Box Score,,16962,,1,5
Sun Dec 15 2019,6:00p,Philadelphia 76ers,89,Brooklyn Nets,109,Box Score,,17732,,0,20
Sun Dec 15 2019,8:00p,New York Knicks,105,Denver Nuggets,111,Box Score,,18867,,0,6
Sun Dec 15 2019,8:30p,Sacramento Kings,100,Golden State Warriors,79,Box Score,,18064,,1,21
Mon Dec 16 2019,7:00p,Washington Wizards,133,Detroit Pistons,119,Box Score,,14632,,1,14
Mon Dec 16 2019,7:30p,Cleveland Cavaliers,113,Toronto Raptors,133,Box Score,,19800,,0,20
Mon Dec 16 2019,8:00p,San Antonio Spurs,107,Houston Rockets,109,Box Score,,18055,,0,2
Mon Dec 16 2019,8:00p,Miami Heat,111,Memphis Grizzlies,118,Box Score,,14021,,0,7
Mon Dec 16 2019,8:00p,Dallas Mavericks,120,Milwaukee Bucks,116,Box Score,,17727,,1,4
Mon Dec 16 2019,8:00p,Chicago Bulls,106,Oklahoma City Thunder,109,Box Score,,18203,,0,3
Mon Dec 16 2019,9:00p,Portland Trail Blazers,111,Phoenix Suns,110,Box Score,,14193,,1,1
Tue Dec 17 2019,7:00p,Sacramento Kings,102,Charlotte Hornets,110,Box Score,,13229,,0,8
Tue Dec 17 2019,7:00p,Los Angeles Lakers,102,Indiana Pacers,105,Box Score,,17923,,0,3
Tue Dec 17 2019,7:30p,Atlanta Hawks,120,New York Knicks,143,Box Score,,18268,,0,23
Tue Dec 17 2019,8:00p,Brooklyn Nets,108,New Orleans Pelicans,101,Box Score,OT,15177,,1,7
Tue Dec 17 2019,9:00p,Orlando Magic,102,Utah Jazz,109,Box Score,,18306,,0,7
Tue Dec 17 2019,10:30p,Phoenix Suns,99,Los Angeles Clippers,120,Box Score,,19068,,0,21
Wed Dec 18 2019,7:00p,Charlotte Hornets,98,Cleveland Cavaliers,100,Box Score,,17023,,0,2
Wed Dec 18 2019,7:00p,Toronto Raptors,112,Detroit Pistons,99,Box Score,,15319,,1,13
Wed Dec 18 2019,7:00p,Miami Heat,108,Philadelphia 76ers,104,Box Score,,20715,,1,4
Wed Dec 18 2019,7:00p,Chicago Bulls,110,Washington Wizards,109,Box Score,OT,14987,,1,1
Wed Dec 18 2019,8:00p,New Orleans Pelicans,107,Minnesota Timberwolves,99,Box Score,,12490,,1,8
Wed Dec 18 2019,8:00p,Memphis Grizzlies,122,Oklahoma City Thunder,126,Box Score,,18203,,0,4
Wed Dec 18 2019,9:00p,Orlando Magic,104,Denver Nuggets,113,Box Score,,18182,,0,9
Wed Dec 18 2019,9:30p,Boston Celtics,109,Dallas Mavericks,103,Box Score,,20181,,1,6
Wed Dec 18 2019,10:00p,Golden State Warriors,112,Portland Trail Blazers,122,Box Score,,19393,,0,10
Thu Dec 19 2019,7:30p,Utah Jazz,111,Atlanta Hawks,106,Box Score,,16739,,1,5
Thu Dec 19 2019,8:00p,Los Angeles Lakers,104,Milwaukee Bucks,111,Box Score,,18051,,0,7
Thu Dec 19 2019,8:30p,Brooklyn Nets,105,San Antonio Spurs,118,Box Score,,18354,,0,13
Thu Dec 19 2019,10:30p,Houston Rockets,122,Los Angeles Clippers,117,Box Score,,19068,,1,5
Fri Dec 20 2019,7:00p,Memphis Grizzlies,107,Cleveland Cavaliers,114,Box Score,,19432,,0,7
Fri Dec 20 2019,7:00p,Sacramento Kings,105,Indiana Pacers,119,Box Score,,14649,,0,14
Fri Dec 20 2019,7:30p,Detroit Pistons,93,Boston Celtics,114,Box Score,,19156,,0,21
Fri Dec 20 2019,7:30p,Washington Wizards,118,Toronto Raptors,122,Box Score,,19800,,0,4
Fri Dec 20 2019,8:00p,New York Knicks,114,Miami Heat,129,Box Score,,19704,,0,15
Fri Dec 20 2019,8:00p,Phoenix Suns,108,Oklahoma City Thunder,126,Box Score,,18203,,0,18
Fri Dec 20 2019,8:00p,Dallas Mavericks,117,Philadelphia 76ers,98,Box Score,,20778,,1,19
Fri Dec 20 2019,9:00p,Minnesota Timberwolves,100,Denver Nuggets,109,Box Score,,19520,,0,9
Fri Dec 20 2019,10:00p,Orlando Magic,103,Portland Trail Blazers,118,Box Score,,19393,,0,15
Fri Dec 20 2019,10:30p,New Orleans Pelicans,102,Golden State Warriors,106,Box Score,,18064,,0,4
Sat Dec 21 2019,5:00p,Utah Jazz,114,Charlotte Hornets,107,Box Score,,16187,,1,7
Sat Dec 21 2019,6:00p,Atlanta Hawks,112,Brooklyn Nets,122,Box Score,,16496,,0,10
Sat Dec 21 2019,7:00p,Chicago Bulls,119,Detroit Pistons,107,Box Score,,15948,,1,12
Sat Dec 21 2019,7:00p,Washington Wizards,108,Philadelphia 76ers,125,Box Score,,20529,,0,17
Sat Dec 21 2019,7:30p,Milwaukee Bucks,123,New York Knicks,102,Box Score,,18124,,1,21
Sat Dec 21 2019,8:00p,Sacramento Kings,115,Memphis Grizzlies,119,Box Score,,15603,,0,4
Sat Dec 21 2019,8:30p,Los Angeles Clippers,134,San Antonio Spurs,109,Box Score,,18354,,1,25
Sat Dec 21 2019,9:00p,Houston Rockets,139,Phoenix Suns,125,Box Score,,16061,,1,14
Sat Dec 21 2019,10:00p,Minnesota Timberwolves,106,Portland Trail Blazers,113,Box Score,,19393,,0,7
Sun Dec 22 2019,3:30p,Dallas Mavericks,107,Toronto Raptors,110,Box Score,,19800,,0,3
Sun Dec 22 2019,6:00p,Charlotte Hornets,93,Boston Celtics,119,Box Score,,19156,,0,26
Sun Dec 22 2019,7:00p,Indiana Pacers,89,Milwaukee Bucks,117,Box Score,,18029,,0,28
Sun Dec 22 2019,7:00p,Los Angeles Clippers,112,Oklahoma City Thunder,118,Box Score,,18203,,0,6
Sun Dec 22 2019,9:30p,Denver Nuggets,128,Los Angeles Lakers,104,Box Score,,18997,,1,24
Mon Dec 23 2019,7:00p,Atlanta Hawks,118,Cleveland Cavaliers,121,Box Score,,18007,,0,3
Mon Dec 23 2019,7:00p,Philadelphia 76ers,125,Detroit Pistons,109,Box Score,,16476,,1,16
Mon Dec 23 2019,7:00p,Toronto Raptors,115,Indiana Pacers,120,Box Score,OT,17164,,0,5
Mon Dec 23 2019,7:00p,Washington Wizards,121,New York Knicks,115,Box Score,,19413,,1,6
Mon Dec 23 2019,7:00p,Chicago Bulls,95,Orlando Magic,103,Box Score,,18846,,0,8
Mon Dec 23 2019,7:30p,Utah Jazz,104,Miami Heat,107,Box Score,,19890,,0,3
Mon Dec 23 2019,8:00p,San Antonio Spurs,145,Memphis Grizzlies,115,Box Score,,16776,,1,30
Mon Dec 23 2019,9:00p,Denver Nuggets,113,Phoenix Suns,111,Box Score,,16041,,1,2
Mon Dec 23 2019,10:00p,New Orleans Pelicans,102,Portland Trail Blazers,94,Box Score,,19499,,1,8
Mon Dec 23 2019,10:00p,Houston Rockets,113,Sacramento Kings,104,Box Score,,17583,,1,9
Mon Dec 23 2019,10:30p,Minnesota Timberwolves,104,Golden State Warriors,113,Box Score,,18064,,0,9
Wed Dec 25 2019,12:00p,Boston Celtics,118,Toronto Raptors,102,Box Score,,19800,,1,16
Wed Dec 25 2019,2:30p,Milwaukee Bucks,109,Philadelphia 76ers,121,Box Score,,21028,,0,12
Wed Dec 25 2019,5:00p,Houston Rockets,104,Golden State Warriors,116,Box Score,,18064,,0,12
Wed Dec 25 2019,8:00p,Los Angeles Clippers,111,Los Angeles Lakers,106,Box Score,,18997,,1,5
Wed Dec 25 2019,10:30p,New Orleans Pelicans,112,Denver Nuggets,100,Box Score,,19520,,1,12
Thu Dec 26 2019,7:00p,Washington Wizards,102,Detroit Pistons,132,Box Score,,17188,,0,30
Thu Dec 26 2019,7:30p,New York Knicks,94,Brooklyn Nets,82,Box Score,,17732,,1,12
Thu Dec 26 2019,8:00p,San Antonio Spurs,98,Dallas Mavericks,102,Box Score,,20427,,0,4
Thu Dec 26 2019,8:00p,Memphis Grizzlies,110,Oklahoma City Thunder,97,Box Score,,18203,,1,13
Thu Dec 26 2019,10:00p,Minnesota Timberwolves,105,Sacramento Kings,104,Box Score,2OT,17583,,1,1
Thu Dec 26 2019,10:30p,Portland Trail Blazers,115,Utah Jazz,121,Box Score,,18306,,0,6
Fri Dec 27 2019,4:00p,Cleveland Cavaliers,117,Boston Celtics,129,Box Score,,19156,,0,12
Fri Dec 27 2019,7:00p,Oklahoma City Thunder,104,Charlotte Hornets,102,Box Score,OT,18418,,1,2
Fri Dec 27 2019,7:00p,Philadelphia 76ers,97,Orlando Magic,98,Box Score,,17311,,0,1
Fri Dec 27 2019,7:30p,Milwaukee Bucks,112,Atlanta Hawks,86,Box Score,,17358,,1,26
Fri Dec 27 2019,8:00p,Indiana Pacers,112,Miami Heat,113,Box Score,,19767,,0,1
Fri Dec 27 2019,10:30p,Phoenix Suns,96,Golden State Warriors,105,Box Score,,18064,,0,9
Sat Dec 28 2019,5:00p,Memphis Grizzlies,110,Denver Nuggets,119,Box Score,,19697,,0,9
Sat Dec 28 2019,7:00p,Toronto Raptors,113,Boston Celtics,97,Box Score,,19156,,1,16
Sat Dec 28 2019,7:00p,Indiana Pacers,98,New Orleans Pelicans,120,Box Score,,15391,,0,22
Sat Dec 28 2019,8:00p,Atlanta Hawks,81,Chicago Bulls,116,Box Score,,21496,,0,35
Sat Dec 28 2019,8:00p,Brooklyn Nets,98,Houston Rockets,108,Box Score,,18306,,0,10
Sat Dec 28 2019,8:00p,Philadelphia 76ers,116,Miami Heat,117,Box Score,OT,19865,,0,1
Sat Dec 28 2019,8:00p,Cleveland Cavaliers,94,Minnesota Timberwolves,88,Box Score,,,,1,6
Sat Dec 28 2019,8:00p,New York Knicks,107,Washington Wizards,100,Box Score,,19033,,1,7
Sat Dec 28 2019,8:30p,Dallas Mavericks,141,Golden State Warriors,121,Box Score,,18064,,1,20
Sat Dec 28 2019,8:30p,Orlando Magic,100,Milwaukee Bucks,111,Box Score,,17920,,0,11
Sat Dec 28 2019,8:30p,Detroit Pistons,109,San Antonio Spurs,136,Box Score,,18524,,0,27
Sat Dec 28 2019,9:00p,Phoenix Suns,112,Sacramento Kings,110,Box Score,,17583,,1,2
Sat Dec 28 2019,10:00p,Los Angeles Lakers,128,Portland Trail Blazers,120,Box Score,,19960,,1,8
Sat Dec 28 2019,10:30p,Utah Jazz,120,Los Angeles Clippers,107,Box Score,,19068,,1,13
Sun Dec 29 2019,6:00p,Oklahoma City Thunder,98,Toronto Raptors,97,Box Score,,19800,,1,1
Sun Dec 29 2019,8:00p,Sacramento Kings,115,Denver Nuggets,120,Box Score,,19520,,0,5
Sun Dec 29 2019,8:00p,Charlotte Hornets,104,Memphis Grizzlies,117,Box Score,,16842,,0,13
Sun Dec 29 2019,8:00p,Houston Rockets,112,New Orleans Pelicans,127,Box Score,,17712,,0,15
Sun Dec 29 2019,9:30p,Dallas Mavericks,95,Los Angeles Lakers,108,Box Score,,18997,,0,13
Mon Dec 30 2019,7:00p,Atlanta Hawks,101,Orlando Magic,93,Box Score,,17784,,1,8
Mon Dec 30 2019,7:00p,Miami Heat,105,Washington Wizards,123,Box Score,,20476,,0,18
Mon Dec 30 2019,8:00p,Milwaukee Bucks,123,Chicago Bulls,102,Box Score,,21954,,1,21
Mon Dec 30 2019,8:00p,Brooklyn Nets,115,Minnesota Timberwolves,122,Box Score,OT,15824,,0,7
Mon Dec 30 2019,9:00p,Detroit Pistons,81,Utah Jazz,104,Box Score,,18306,,0,23
Mon Dec 30 2019,10:00p,Phoenix Suns,122,Portland Trail Blazers,116,Box Score,,19896,,1,6
Tue Dec 31 2019,3:00p,Boston Celtics,109,Charlotte Hornets,92,Box Score,,19216,,1,17
Tue Dec 31 2019,3:00p,Philadelphia 76ers,97,Indiana Pacers,115,Box Score,,17923,,0,18
Tue Dec 31 2019,5:00p,Los Angeles Clippers,105,Sacramento Kings,87,Box Score,,16231,,1,18
Tue Dec 31 2019,7:00p,Denver Nuggets,104,Houston Rockets,130,Box Score,,18055,,0,26
Tue Dec 31 2019,7:00p,Golden State Warriors,113,San Antonio Spurs,117,Box Score,OT,18354,,0,4
Tue Dec 31 2019,7:00p,Cleveland Cavaliers,97,Toronto Raptors,117,Box Score,,19800,,0,20
Tue Dec 31 2019,8:00p,Dallas Mavericks,101,Oklahoma City Thunder,106,Box Score,,18203,,0,5
Wed Jan 1 2020,6:00p,Orlando Magic,122,Washington Wizards,101,Box Score,,14921,,1,21
Wed Jan 1 2020,7:30p,Portland Trail Blazers,93,New York Knicks,117,Box Score,,19812,,0,24
Wed Jan 1 2020,8:00p,Minnesota Timberwolves,104,Milwaukee Bucks,106,Box Score,,17819,,0,2
Wed Jan 1 2020,10:30p,Phoenix Suns,107,Los Angeles Lakers,117,Box Score,,18997,,0,10
Thu Jan 2 2020,7:00p,Charlotte Hornets,109,Cleveland Cavaliers,106,Box Score,,17859,,1,3
Thu Jan 2 2020,7:00p,Denver Nuggets,124,Indiana Pacers,116,Box Score,,16688,,1,8
Thu Jan 2 2020,7:30p,Toronto Raptors,76,Miami Heat,84,Box Score,,19939,,0,8
Thu Jan 2 2020,8:00p,Utah Jazz,102,Chicago Bulls,98,Box Score,,19398,,1,4
Thu Jan 2 2020,8:00p,Golden State Warriors,84,Minnesota Timberwolves,99,Box Score,,15477,,0,15
Thu Jan 2 2020,8:30p,Brooklyn Nets,111,Dallas Mavericks,123,Box Score,,20289,,0,12
Thu Jan 2 2020,8:30p,Oklahoma City Thunder,109,San Antonio Spurs,103,Box Score,,18354,,1,6
Thu Jan 2 2020,10:00p,Memphis Grizzlies,123,Sacramento Kings,128,Box Score,,17351,,0,5
Thu Jan 2 2020,10:30p,Detroit Pistons,112,Los Angeles Clippers,126,Box Score,,19068,,0,14